pos,seed,track_uri,pid
0,0UaMYEvWZi0ZqiDOoHU3YI,74Xdx4ezYQQlg8wKswq25T,1
1,0UaMYEvWZi0ZqiDOoHU3YI,1lzr43nnXAijIGYnCT8M8H,1
2,0UaMYEvWZi0ZqiDOoHU3YI,6dViIgkYIRccNImPln58rS,1
3,0UaMYEvWZi0ZqiDOoHU3YI,0vupCkmy497h49a74Xsxj1,1
4,0UaMYEvWZi0ZqiDOoHU3YI,3BxWKCI06eQ5Od8TY2JBeA,1
5,0UaMYEvWZi0ZqiDOoHU3YI,0dQQWHlXvuw4UyHcAvhfhB,1
6,0UaMYEvWZi0ZqiDOoHU3YI,6I9VzXrHxO9rA9A5euc8Ak,1
7,0UaMYEvWZi0ZqiDOoHU3YI,27L8sESb3KR79asDUBu8nW,1
8,0UaMYEvWZi0ZqiDOoHU3YI,5sNESr6pQfIhL3krM8CtZn,1
9,0UaMYEvWZi0ZqiDOoHU3YI,5jzX4dWVQeBTtfBaXnMRt5,1
10,0UaMYEvWZi0ZqiDOoHU3YI,1hBM2D1ULT3aeKuddSwPsK,1
11,0UaMYEvWZi0ZqiDOoHU3YI,17tDv8WA8IhqE8qzuQn707,1
12,0UaMYEvWZi0ZqiDOoHU3YI,3U3Ff8ZvL6oEu1r98gCCWW,1
13,0UaMYEvWZi0ZqiDOoHU3YI,5i66xrvSh1MjjyDd6zcwgj,1
14,0UaMYEvWZi0ZqiDOoHU3YI,62LHRv9uwSNlBmByQF5jdE,1
15,0UaMYEvWZi0ZqiDOoHU3YI,7AQjiRtIpr33P8UT98iveh,1
16,0UaMYEvWZi0ZqiDOoHU3YI,30VrBsh1STRBoIrhQOAwzK,1
17,0UaMYEvWZi0ZqiDOoHU3YI,2gam98EZKrF9XuOkU13ApN,1
18,0UaMYEvWZi0ZqiDOoHU3YI,1D066zixBwqFYqBhKgdPzp,1
19,0UaMYEvWZi0ZqiDOoHU3YI,4KTtYhxFtFL7mBwnjkKfLm,1
20,0UaMYEvWZi0ZqiDOoHU3YI,7jRoWfRlLnGYEIEn4t4kbq,1
21,0UaMYEvWZi0ZqiDOoHU3YI,2NBQmPrOEEjA8VbeWOQGxO,1
22,0UaMYEvWZi0ZqiDOoHU3YI,3ZFTkvIE7kyPt6Nu3PEa7V,1
23,0UaMYEvWZi0ZqiDOoHU3YI,35zGjsxI020C2NPKp2fzS7,1
24,0UaMYEvWZi0ZqiDOoHU3YI,4r8lRYnoOGdEi6YyI5OC1o,1
25,0UaMYEvWZi0ZqiDOoHU3YI,4osg3vT6sXv6wNxm9Z6ucQ,1
26,0UaMYEvWZi0ZqiDOoHU3YI,22sLuJYcvZOSoLLRYev1s5,1
27,0UaMYEvWZi0ZqiDOoHU3YI,1ZPlNanZsJSPK5h9YZZFbZ,1
28,0UaMYEvWZi0ZqiDOoHU3YI,6RcQOut9fWL6FSqeIr5M1r,1
29,0UaMYEvWZi0ZqiDOoHU3YI,26eOTllWPn7oKuDUJnsJwF,1
30,0UaMYEvWZi0ZqiDOoHU3YI,39qcvV4f0uqDMHxIkSb7tE,1
31,0UaMYEvWZi0ZqiDOoHU3YI,0XUfyU2QviPAs6bxSpXYG4,1
32,0UaMYEvWZi0ZqiDOoHU3YI,47TqCCnEliDp8NRDyIQoQq,1
33,0UaMYEvWZi0ZqiDOoHU3YI,2kQuhkFX7uSVepCD3h29g5,1
34,0UaMYEvWZi0ZqiDOoHU3YI,7I6DceMT3utDOHjcYCbrr4,1
35,0UaMYEvWZi0ZqiDOoHU3YI,04KTF78FFg8sOHC1BADqbY,1
36,0UaMYEvWZi0ZqiDOoHU3YI,6zsk6uF3MxfIeHPlubKBvR,1
37,0UaMYEvWZi0ZqiDOoHU3YI,0UaMYEvWZi0ZqiDOoHU3YI,1
38,0UaMYEvWZi0ZqiDOoHU3YI,3jagJCUbdqhDSPuxP8cAqF,1
39,0UaMYEvWZi0ZqiDOoHU3YI,6L89mwZXSOwYl76YXfX13s,1
40,0UaMYEvWZi0ZqiDOoHU3YI,6nTiIhLmQ3FWhvrGafw2zj,1
41,0UaMYEvWZi0ZqiDOoHU3YI,3ZffCQKLFLUvYM59XKLbVm,1
42,0UaMYEvWZi0ZqiDOoHU3YI,2WNVqZq1ujhMDlOAqBFkVv,1
43,0UaMYEvWZi0ZqiDOoHU3YI,7KIbDUwumrpG5f30kEYW1v,1
44,0UaMYEvWZi0ZqiDOoHU3YI,7iL6o9tox1zgHpKUfh9vuC,1
45,0UaMYEvWZi0ZqiDOoHU3YI,2D1hlMwWWXpkc3CZJ5U351,1
46,0UaMYEvWZi0ZqiDOoHU3YI,3VzJE6yGuj8fDExUh6TLnc,1
47,0UaMYEvWZi0ZqiDOoHU3YI,0O45fw2L5vsWpdsOdXwNAR,1
48,0UaMYEvWZi0ZqiDOoHU3YI,1AWQoqb9bSvzTjaLralEkT,1
49,0UaMYEvWZi0ZqiDOoHU3YI,7Lf7oSEVdzZqTA0kEDSlS5,1
50,0UaMYEvWZi0ZqiDOoHU3YI,5XJJdNPkwmbUwE79gv0NxK,1
51,0UaMYEvWZi0ZqiDOoHU3YI,0I3q5fE6wg7LIfHGngUTnV,1
52,0UaMYEvWZi0ZqiDOoHU3YI,2PpruBYCo4H7WOBJ7Q2EwM,1
53,0UaMYEvWZi0ZqiDOoHU3YI,6glsMWIMIxQ4BedzLqGVi4,1
54,0UaMYEvWZi0ZqiDOoHU3YI,5z7mYFfhw6N6f23VwrokJD,1
55,0UaMYEvWZi0ZqiDOoHU3YI,4P7VFiaZb3xrXoqGwZXC3J,1
56,0UaMYEvWZi0ZqiDOoHU3YI,6ScJMrlpiLfZUGtWp4QIVt,1
57,0UaMYEvWZi0ZqiDOoHU3YI,5hydb8abMsDWNefmuqDYeK,1
58,0UaMYEvWZi0ZqiDOoHU3YI,557un1HgwYMuqfWGSTmnxw,1
59,0UaMYEvWZi0ZqiDOoHU3YI,29LHe8kG3PraghUZOZYsw4,1
60,0UaMYEvWZi0ZqiDOoHU3YI,1gNbbWh6nYYw0zKB4LuGUi,1
61,0UaMYEvWZi0ZqiDOoHU3YI,41on8RwRh22IHcChAN2gm8,1
62,0UaMYEvWZi0ZqiDOoHU3YI,34ceTg8ChN5HjrqiIYCn9Q,1
63,0UaMYEvWZi0ZqiDOoHU3YI,0h2uvuNAFUe5VR71kJmW6B,1
64,0UaMYEvWZi0ZqiDOoHU3YI,2aI21FnmY7TJVKeMaoQZ0t,1
65,0UaMYEvWZi0ZqiDOoHU3YI,5dNfHmqgr128gMY2tc5CeJ,1
66,0UaMYEvWZi0ZqiDOoHU3YI,4flXUmmCKe1GAAvIoptHq7,1
67,0UaMYEvWZi0ZqiDOoHU3YI,4gFXY5yvHayGckJndafYQE,1
68,0UaMYEvWZi0ZqiDOoHU3YI,0CAfXk7DXMnon4gLudAp7J,1
69,0UaMYEvWZi0ZqiDOoHU3YI,06iMqWThw4w8fTFyccvOwr,1
70,0UaMYEvWZi0ZqiDOoHU3YI,03tqyYWC9Um2ZqU0ZN849H,1
71,0UaMYEvWZi0ZqiDOoHU3YI,0JmGVy7IzUM27My3UuEOOZ,1
72,0UaMYEvWZi0ZqiDOoHU3YI,2q4rjDy9WhaN3o9MvDbO21,1
73,0UaMYEvWZi0ZqiDOoHU3YI,7uKcScNXuO3MWw6LowBjW1,1
74,0UaMYEvWZi0ZqiDOoHU3YI,7BwwjDFcpn72BrxCCRqs7d,1
75,0UaMYEvWZi0ZqiDOoHU3YI,0gFB5H3pHN13ERt2FyMuWi,1
76,0UaMYEvWZi0ZqiDOoHU3YI,3YB6nCSuFqNiqOvPtAPK9X,1
77,0UaMYEvWZi0ZqiDOoHU3YI,4pFVXilgCMZzgcCB5Uqz81,1
78,0UaMYEvWZi0ZqiDOoHU3YI,0qRR9d89hIS0MHRkQ0ejxX,1
79,0UaMYEvWZi0ZqiDOoHU3YI,5VJjhHyG8NZ5xdgG6uTb3P,1
80,0UaMYEvWZi0ZqiDOoHU3YI,4o6BgsqLIBViaGVbx5rbRk,1
81,0UaMYEvWZi0ZqiDOoHU3YI,2tUBqZG2AbRi7Q0BIrVrEj,1
82,0UaMYEvWZi0ZqiDOoHU3YI,0ydtVbEc3KgZ9PYZE3V5ZR,1
83,0UaMYEvWZi0ZqiDOoHU3YI,1qPNqO3m9NIjvhIVc5ex6y,1
84,0UaMYEvWZi0ZqiDOoHU3YI,2rAIAYM0rIeWCKiO7joedh,1
85,0UaMYEvWZi0ZqiDOoHU3YI,0k2GOhqsrxDTAbFFSdNJjT,1
86,0UaMYEvWZi0ZqiDOoHU3YI,1yKu2MhpwzDXXH2tzG6xoa,1
87,0UaMYEvWZi0ZqiDOoHU3YI,1mqlc0vEP9mU1kZgTi6LIQ,1
88,0UaMYEvWZi0ZqiDOoHU3YI,00LfFm08VWeZwB0Zlm24AT,1
89,0UaMYEvWZi0ZqiDOoHU3YI,2WfaOiMkCvy7F5fcp2zZ8L,1
90,0UaMYEvWZi0ZqiDOoHU3YI,3zByVQLvdXUaDTubfWkpCk,1
91,0UaMYEvWZi0ZqiDOoHU3YI,3lwMGZ9M5Gq4usaZZLV4NK,1
92,0UaMYEvWZi0ZqiDOoHU3YI,7pAT4dOUzjq8Ziap5ShIqC,1
93,0UaMYEvWZi0ZqiDOoHU3YI,5xV0Czdqefft6sPDqjmFBu,1
94,0UaMYEvWZi0ZqiDOoHU3YI,60a0Rd6pjrkxjPbaKzXjfq,1
95,0UaMYEvWZi0ZqiDOoHU3YI,7H6ev70Weq6DdpZyyTmUXk,1
96,0UaMYEvWZi0ZqiDOoHU3YI,7MCNnnmwm7TXMh7xyNGohi,1
97,0UaMYEvWZi0ZqiDOoHU3YI,4ZEfHivqu6oWNwK7UD6b5b,1
98,0UaMYEvWZi0ZqiDOoHU3YI,0rF6HOlg1LkkZJUyrvkt0M,1
99,0UaMYEvWZi0ZqiDOoHU3YI,6TbDjOtgqxBMTesiMfz7Qj,1
100,0UaMYEvWZi0ZqiDOoHU3YI,5rXkgeY6rpcHcsolCpXZHR,1
101,0UaMYEvWZi0ZqiDOoHU3YI,0d28khcov6AiegSCpG5TuT,1
102,0UaMYEvWZi0ZqiDOoHU3YI,7sqK6f8dHVx3Q1GjFrVyGl,1
103,0UaMYEvWZi0ZqiDOoHU3YI,4L3GbSXJaEPYDXx4HMXbG7,1
104,0UaMYEvWZi0ZqiDOoHU3YI,6NncjnSD7JLEetWb9KqMRY,1
105,0UaMYEvWZi0ZqiDOoHU3YI,0oTM6RLL3HEC1RDCe0bYsm,1
106,0UaMYEvWZi0ZqiDOoHU3YI,1JyaAeaXVFnVv5ikwWQVQ4,1
107,0UaMYEvWZi0ZqiDOoHU3YI,7k6IzwMGpxnRghE7YosnXT,1
108,0UaMYEvWZi0ZqiDOoHU3YI,0gs72Zn1Nxin1kvKpo9ee5,1
0,6I9VzXrHxO9rA9A5euc8Ak,2MFX2E3TErub7JW8uDPpXZ,5
1,6I9VzXrHxO9rA9A5euc8Ak,4OhkKmvhjl3yk7JF422GWB,5
2,6I9VzXrHxO9rA9A5euc8Ak,2eSJflipjhSKLExuSwuFrO,5
3,6I9VzXrHxO9rA9A5euc8Ak,6FTJuZtQZvmPPRFmrcno9J,5
4,6I9VzXrHxO9rA9A5euc8Ak,3aw9iWUQ3VrPQltgwvN9Xu,5
5,6I9VzXrHxO9rA9A5euc8Ak,2YegxR5As7BeQuVp2U6pek,5
6,6I9VzXrHxO9rA9A5euc8Ak,5i66xrvSh1MjjyDd6zcwgj,5
7,6I9VzXrHxO9rA9A5euc8Ak,40fvlRGSBSEYWTgCpRyVqf,5
8,6I9VzXrHxO9rA9A5euc8Ak,2EVv4Vxu3HGPr32CQecgHx,5
9,6I9VzXrHxO9rA9A5euc8Ak,6JY1IdkZGeIcPegKxjSKeb,5
10,6I9VzXrHxO9rA9A5euc8Ak,4bk78jvK8Fe9YHqruOJW0v,5
11,6I9VzXrHxO9rA9A5euc8Ak,1gNbbWh6nYYw0zKB4LuGUi,5
12,6I9VzXrHxO9rA9A5euc8Ak,1hGy2eLcmC8eKx7qr1tOqx,5
13,6I9VzXrHxO9rA9A5euc8Ak,4hrae8atte6cRlSC9a7VCO,5
14,6I9VzXrHxO9rA9A5euc8Ak,4LXDHgBC1mbz3uoehYxH9b,5
15,6I9VzXrHxO9rA9A5euc8Ak,0XfuvxptNRVoEWp7SaneV8,5
16,6I9VzXrHxO9rA9A5euc8Ak,1jUA4rb6ZCv4gby4YU53xq,5
17,6I9VzXrHxO9rA9A5euc8Ak,5o4W6yWSJD9e9Ea8YC9WjF,5
18,6I9VzXrHxO9rA9A5euc8Ak,3Ui2jdyxbZQrZohfM0NOgG,5
19,6I9VzXrHxO9rA9A5euc8Ak,6I9VzXrHxO9rA9A5euc8Ak,5
20,6I9VzXrHxO9rA9A5euc8Ak,04KTF78FFg8sOHC1BADqbY,5
21,6I9VzXrHxO9rA9A5euc8Ak,30VrBsh1STRBoIrhQOAwzK,5
22,6I9VzXrHxO9rA9A5euc8Ak,7pNJ1T9TGbVbNHKaLhhPri,5
23,6I9VzXrHxO9rA9A5euc8Ak,7yXibbAYi4to5oQTeO738f,5
24,6I9VzXrHxO9rA9A5euc8Ak,7H2TYuu6OmqkxQD3LIZRC7,5
25,6I9VzXrHxO9rA9A5euc8Ak,7bLBekAdZXj48UVI0QpJbO,5
26,6I9VzXrHxO9rA9A5euc8Ak,4SYZ7FCMjYcBLbfRr4JARr,5
27,6I9VzXrHxO9rA9A5euc8Ak,0OJXdyyVL8K6aovPgfqCcN,5
28,6I9VzXrHxO9rA9A5euc8Ak,7uKcScNXuO3MWw6LowBjW1,5
29,6I9VzXrHxO9rA9A5euc8Ak,63quyUCdhvorvyGUzqcmlj,5
30,6I9VzXrHxO9rA9A5euc8Ak,7MdsJ8FTgqPfKESkKdxlMq,5
31,6I9VzXrHxO9rA9A5euc8Ak,1ObNL9DjjNPAZkJyC8XWWU,5
32,6I9VzXrHxO9rA9A5euc8Ak,0XUfyU2QviPAs6bxSpXYG4,5
33,6I9VzXrHxO9rA9A5euc8Ak,68vgtRHr7iZHpzGpon6Jlo,5
34,6I9VzXrHxO9rA9A5euc8Ak,7J41dYQolQJEtj3UmKLu5r,5
35,6I9VzXrHxO9rA9A5euc8Ak,2PpruBYCo4H7WOBJ7Q2EwM,5
36,6I9VzXrHxO9rA9A5euc8Ak,6bUNEbXT7HovLW6BgPCBsb,5
37,6I9VzXrHxO9rA9A5euc8Ak,5XJJdNPkwmbUwE79gv0NxK,5
38,6I9VzXrHxO9rA9A5euc8Ak,7hhAwcMTdCHxuYkCHCfzw7,5
39,6I9VzXrHxO9rA9A5euc8Ak,4nthV2eZAXnt4yiJMocLkG,5
40,6I9VzXrHxO9rA9A5euc8Ak,4VIDVd87GQcBSbofvDp8Pj,5
41,6I9VzXrHxO9rA9A5euc8Ak,73sEFRISCOmunToMJtjuPS,5
42,6I9VzXrHxO9rA9A5euc8Ak,2tP7ZekzXfduShx8C6cbll,5
43,6I9VzXrHxO9rA9A5euc8Ak,2n4uOdMHzEvcZ0KP7iQnay,5
44,6I9VzXrHxO9rA9A5euc8Ak,5tRifT4qX6gfmpEK2pUv4h,5
45,6I9VzXrHxO9rA9A5euc8Ak,6AxCr5G75R5rqyNCYWVpTo,5
46,6I9VzXrHxO9rA9A5euc8Ak,2CEgGE6aESpnmtfiZwYlbV,5
47,6I9VzXrHxO9rA9A5euc8Ak,39qcvV4f0uqDMHxIkSb7tE,5
48,6I9VzXrHxO9rA9A5euc8Ak,6RcQOut9fWL6FSqeIr5M1r,5
49,6I9VzXrHxO9rA9A5euc8Ak,26eOTllWPn7oKuDUJnsJwF,5
50,6I9VzXrHxO9rA9A5euc8Ak,6W2Ef5Ph6ILTUAedoQ3QIv,5
51,6I9VzXrHxO9rA9A5euc8Ak,5ecZWU5uQOiCVSnPxBZNmT,5
52,6I9VzXrHxO9rA9A5euc8Ak,0dQQWHlXvuw4UyHcAvhfhB,5
53,6I9VzXrHxO9rA9A5euc8Ak,7wZUrN8oemZfsEd1CGkbXE,5
54,6I9VzXrHxO9rA9A5euc8Ak,1lkvpmrCaXK8QtliFDcHBO,5
55,6I9VzXrHxO9rA9A5euc8Ak,1HwpWwa6bnqqRhK8agG4RS,5
56,6I9VzXrHxO9rA9A5euc8Ak,2LXyM3mXlRPIJwqyIoFh6n,5
57,6I9VzXrHxO9rA9A5euc8Ak,4VZmWrPYFJP8T17AciiQJh,5
58,6I9VzXrHxO9rA9A5euc8Ak,6Avndj1UPQLwR2qqzDwZBc,5
59,6I9VzXrHxO9rA9A5euc8Ak,4RCWB3V8V0dignt99LZ8vH,5
60,6I9VzXrHxO9rA9A5euc8Ak,0gJvqi9QyASOCtJu99tytc,5
61,6I9VzXrHxO9rA9A5euc8Ak,25ZttbpeUKDOm3aghD2oBJ,5
62,6I9VzXrHxO9rA9A5euc8Ak,3BnvVIFwQXXMGjkW4rWRJj,5
63,6I9VzXrHxO9rA9A5euc8Ak,0vupCkmy497h49a74Xsxj1,5
64,6I9VzXrHxO9rA9A5euc8Ak,2hdy9Wt9qp7M7d0U3ossu2,5
65,6I9VzXrHxO9rA9A5euc8Ak,5xV0Czdqefft6sPDqjmFBu,5
66,6I9VzXrHxO9rA9A5euc8Ak,1dDNz8h95Gsu0W4QdxVVln,5
67,6I9VzXrHxO9rA9A5euc8Ak,6zrKRVtq4cjkZLXzjpS4Ij,5
68,6I9VzXrHxO9rA9A5euc8Ak,6ldwfK0yWgTAlmIfuQkTYN,5
69,6I9VzXrHxO9rA9A5euc8Ak,5JZpQuRIX8MTiKwuELjTlx,5
70,6I9VzXrHxO9rA9A5euc8Ak,2N3JVnB85hqJl6SzTlZOxv,5
71,6I9VzXrHxO9rA9A5euc8Ak,0BBOLOV5JntPL3341swIre,5
72,6I9VzXrHxO9rA9A5euc8Ak,4SRqDmPxYX0pUb5B5ut2Ri,5
73,6I9VzXrHxO9rA9A5euc8Ak,5rwq6R0Uq0BngM3rdmCeNg,5
74,6I9VzXrHxO9rA9A5euc8Ak,6m5jURnwGHY1pVw0sJqBBq,5
75,6I9VzXrHxO9rA9A5euc8Ak,7rOIWUhSfjWh4E7443PYE8,5
76,6I9VzXrHxO9rA9A5euc8Ak,5dNfHmqgr128gMY2tc5CeJ,5
77,6I9VzXrHxO9rA9A5euc8Ak,4osg3vT6sXv6wNxm9Z6ucQ,5
78,6I9VzXrHxO9rA9A5euc8Ak,4SyowQi18ym4zJGJDBnsTj,5
79,6I9VzXrHxO9rA9A5euc8Ak,18XGB5eO51nCJY9hOoc114,5
80,6I9VzXrHxO9rA9A5euc8Ak,4KBKK8JuXzJaPmiz8ZGwy3,5
81,6I9VzXrHxO9rA9A5euc8Ak,7KIbDUwumrpG5f30kEYW1v,5
82,6I9VzXrHxO9rA9A5euc8Ak,3JILPb8Uc6NKmHq1poT5ML,5
83,6I9VzXrHxO9rA9A5euc8Ak,06G1SCVVYRSDCFGMSnDvpv,5
84,6I9VzXrHxO9rA9A5euc8Ak,0COqiPhxzoWICwFCS4eZcp,5
85,6I9VzXrHxO9rA9A5euc8Ak,663Karu2rvKLdnY0eo1n3M,5
86,6I9VzXrHxO9rA9A5euc8Ak,4KTtYhxFtFL7mBwnjkKfLm,5
87,6I9VzXrHxO9rA9A5euc8Ak,3Q4WeJmzxuDpzMu9QjQqbM,5
88,6I9VzXrHxO9rA9A5euc8Ak,7mMlbJlXXo2mRtQ4R9sIzD,5
89,6I9VzXrHxO9rA9A5euc8Ak,6JG0qhINKVwiHxqN85j7RG,5
90,6I9VzXrHxO9rA9A5euc8Ak,5IVCuswUfdYjl2eQ2FHqUd,5
91,6I9VzXrHxO9rA9A5euc8Ak,7LqjznQwfrax7MjQXmxqdQ,5
92,6I9VzXrHxO9rA9A5euc8Ak,3SktMqZmo3M9zbB7oKMIF7,5
93,6I9VzXrHxO9rA9A5euc8Ak,7vFv0yFGMJW3qVXbAd9BK9,5
94,6I9VzXrHxO9rA9A5euc8Ak,0aj2QKJvz6CePykmlTApiD,5
95,6I9VzXrHxO9rA9A5euc8Ak,3Cn1FSSTXeQ7hCfrbizrD0,5
96,6I9VzXrHxO9rA9A5euc8Ak,2Uu8IiLkLY0UXhCHka4Dlr,5
97,6I9VzXrHxO9rA9A5euc8Ak,1Y4ZdPOOgCUhBcKZOrUFiS,5
98,6I9VzXrHxO9rA9A5euc8Ak,3vJG33adGD5Z39Gb6Cnevi,5
99,6I9VzXrHxO9rA9A5euc8Ak,4llK75pXNWZz6KAho2Gp16,5
100,6I9VzXrHxO9rA9A5euc8Ak,3jagJCUbdqhDSPuxP8cAqF,5
101,6I9VzXrHxO9rA9A5euc8Ak,1H4QmjSyCnUTIaIBtbbXmD,5
102,6I9VzXrHxO9rA9A5euc8Ak,2aI21FnmY7TJVKeMaoQZ0t,5
103,6I9VzXrHxO9rA9A5euc8Ak,4XRGwyAARL21fesc6BvliF,5
104,6I9VzXrHxO9rA9A5euc8Ak,1lzr43nnXAijIGYnCT8M8H,5
105,6I9VzXrHxO9rA9A5euc8Ak,4NO3hYYJudCN6MrcToFCos,5
106,6I9VzXrHxO9rA9A5euc8Ak,1sMDGAeqO3poTu1rjnEgKB,5
107,6I9VzXrHxO9rA9A5euc8Ak,6qspW4YKycviDFjHBOaqUY,5
108,6I9VzXrHxO9rA9A5euc8Ak,1KGi9sZVMeszgZOWivFpxs,5
109,6I9VzXrHxO9rA9A5euc8Ak,5y69gQtK33qxb8a24ACkCy,5
110,6I9VzXrHxO9rA9A5euc8Ak,1KzW2k1dNh9nJrK6WhneTW,5
111,6I9VzXrHxO9rA9A5euc8Ak,3LmvfNUQtglbTrydsdIqFU,5
112,6I9VzXrHxO9rA9A5euc8Ak,4v6jydWBTAIqnyPVNyOAdc,5
113,6I9VzXrHxO9rA9A5euc8Ak,3mNecsYFb6LQg7822DPXCP,5
114,6I9VzXrHxO9rA9A5euc8Ak,0KQx6HOpJueiSkztcS0r7D,5
115,6I9VzXrHxO9rA9A5euc8Ak,4Dw02sVUfUA67l3fZ9FoKs,5
116,6I9VzXrHxO9rA9A5euc8Ak,29LHe8kG3PraghUZOZYsw4,5
117,6I9VzXrHxO9rA9A5euc8Ak,0wqOReZDnrefefEsrIGeR4,5
118,6I9VzXrHxO9rA9A5euc8Ak,3VzJE6yGuj8fDExUh6TLnc,5
119,6I9VzXrHxO9rA9A5euc8Ak,3XVBdLihbNbxUwZosxcGuJ,5
120,6I9VzXrHxO9rA9A5euc8Ak,0k2GOhqsrxDTAbFFSdNJjT,5
121,6I9VzXrHxO9rA9A5euc8Ak,11dxtPJKR4E0wlSr0A0t47,5
122,6I9VzXrHxO9rA9A5euc8Ak,2cMTIlktg3M9mXYqCPqw1J,5
123,6I9VzXrHxO9rA9A5euc8Ak,2hKdd3qO7cWr2Jo0Bcs0MA,5
124,6I9VzXrHxO9rA9A5euc8Ak,6ihL9TjfRjadfEePzXXyVF,5
125,6I9VzXrHxO9rA9A5euc8Ak,2l57cfmCnOkwNX1tky02n1,5
126,6I9VzXrHxO9rA9A5euc8Ak,27L8sESb3KR79asDUBu8nW,5
127,6I9VzXrHxO9rA9A5euc8Ak,5DCA1FOUDBURlRTNg4ganf,5
128,6I9VzXrHxO9rA9A5euc8Ak,7k6IzwMGpxnRghE7YosnXT,5
129,6I9VzXrHxO9rA9A5euc8Ak,6ECp64rv50XVz93WvxXMGF,5
130,6I9VzXrHxO9rA9A5euc8Ak,5paEiUa6tDA61S5NqTJG6t,5
131,6I9VzXrHxO9rA9A5euc8Ak,4bPQs0PHn4xbipzdPfn6du,5
132,6I9VzXrHxO9rA9A5euc8Ak,2fzykVsO2Di5jnofUNX3YE,5
133,6I9VzXrHxO9rA9A5euc8Ak,3N0s4EcFNoVEvHa4MPF38u,5
134,6I9VzXrHxO9rA9A5euc8Ak,0v1XpBHnsbkCn7iJ9Ucr1l,5
135,6I9VzXrHxO9rA9A5euc8Ak,4hjuUelurEBKlqpJPJ77Iw,5
136,6I9VzXrHxO9rA9A5euc8Ak,1zusIxNqJu8i4g6P6hJ2Qa,5
137,6I9VzXrHxO9rA9A5euc8Ak,1AEYT6VxrxXPMoQUxsY0E4,5
138,6I9VzXrHxO9rA9A5euc8Ak,6An1g0uI2RJNHkqy7vCckx,5
139,6I9VzXrHxO9rA9A5euc8Ak,6sw9zrrhYvlzgVRF1ulaQS,5
140,6I9VzXrHxO9rA9A5euc8Ak,0ZUo4YjG4saFnEJhdWp9Bt,5
141,6I9VzXrHxO9rA9A5euc8Ak,3QnEp4rluCxUwgpXT43jmC,5
142,6I9VzXrHxO9rA9A5euc8Ak,2KeRxlnuTrK1d5l5Mpa5De,5
143,6I9VzXrHxO9rA9A5euc8Ak,1H5tvpoApNDxvxDexoaAUo,5
144,6I9VzXrHxO9rA9A5euc8Ak,3ZpiT9OFY8BawTHDTi1Pfz,5
145,6I9VzXrHxO9rA9A5euc8Ak,59ZTxQo8rBycIXPLUIKvE2,5
146,6I9VzXrHxO9rA9A5euc8Ak,5jaOa7ybiQjBdhoouGuNjH,5
147,6I9VzXrHxO9rA9A5euc8Ak,4sLeg4hQCZbwM6HEhNTIL2,5
148,6I9VzXrHxO9rA9A5euc8Ak,3pfXxHoydFRfD7IBGJTQAN,5
149,6I9VzXrHxO9rA9A5euc8Ak,6sHsXIJoEN5JpdkGMQDJxt,5
150,6I9VzXrHxO9rA9A5euc8Ak,0UaMYEvWZi0ZqiDOoHU3YI,5
151,6I9VzXrHxO9rA9A5euc8Ak,0d28khcov6AiegSCpG5TuT,5
152,6I9VzXrHxO9rA9A5euc8Ak,7oK9VyNzrYvRFo7nQEYkWN,5
153,6I9VzXrHxO9rA9A5euc8Ak,1yKu2MhpwzDXXH2tzG6xoa,5
154,6I9VzXrHxO9rA9A5euc8Ak,7L605WhF5EGf34ggj87yK6,5
155,6I9VzXrHxO9rA9A5euc8Ak,6dViIgkYIRccNImPln58rS,5
156,6I9VzXrHxO9rA9A5euc8Ak,3XnzgERoQSbifUuIAom5n8,5
157,6I9VzXrHxO9rA9A5euc8Ak,4zYTZvtcww7OWKie7fxA9E,5
158,6I9VzXrHxO9rA9A5euc8Ak,4s0o8TJHfX9LLHa0umnOzT,5
159,6I9VzXrHxO9rA9A5euc8Ak,6jUyYHDikmw9WltPojSR37,5
160,6I9VzXrHxO9rA9A5euc8Ak,1Bv0Yl01xBDZD4OQP93fyl,5
161,6I9VzXrHxO9rA9A5euc8Ak,4FHu9bOzBjZurx89CMa42L,5
162,6I9VzXrHxO9rA9A5euc8Ak,0C80KJWvQWIGjbOiIurV1W,5
163,6I9VzXrHxO9rA9A5euc8Ak,2xxx3hyrkpFgrGi6iCVx9y,5
164,6I9VzXrHxO9rA9A5euc8Ak,1yy2DlSDtEt90d54rPDPXz,5
165,6I9VzXrHxO9rA9A5euc8Ak,7861kBrZ5aw7o4NfggcyYW,5
166,6I9VzXrHxO9rA9A5euc8Ak,49eAIPivcw5idA57ZWnp5h,5
167,6I9VzXrHxO9rA9A5euc8Ak,2eJ8ij1T3cNUKiGdcUvKhy,5
168,6I9VzXrHxO9rA9A5euc8Ak,4c9VuqkKaey9u0IihbUKTt,5
169,6I9VzXrHxO9rA9A5euc8Ak,3jDdpx9PMlfMBS5tOBHFm9,5
170,6I9VzXrHxO9rA9A5euc8Ak,6Gn02ZC8juXwQ10Xk7ACXx,5
0,0WqIKmW4BTrj3eJFmnCKMv,1vNn7rVQT6UtEW1NGH53fT,2
1,0WqIKmW4BTrj3eJFmnCKMv,7BKLCZ1jbUBVqRi2FVlTVw,2
2,0WqIKmW4BTrj3eJFmnCKMv,5aAx2yezTd8zXrkmtKl66Z,2
3,0WqIKmW4BTrj3eJFmnCKMv,5hTpBe8h35rJ67eAWHQsJx,2
4,0WqIKmW4BTrj3eJFmnCKMv,6fujklziTHa8uoM5OQSfIo,2
5,0WqIKmW4BTrj3eJFmnCKMv,6qMXubogFdMrvVMJwqATzd,2
6,0WqIKmW4BTrj3eJFmnCKMv,3HVFNvrGnS05DHUzJfOS3n,2
7,0WqIKmW4BTrj3eJFmnCKMv,4Km5HrUvYTaSUfiSGPJeQR,2
8,0WqIKmW4BTrj3eJFmnCKMv,6fwdbPMwP1zVStm8FybmkO,2
9,0WqIKmW4BTrj3eJFmnCKMv,0P9pRzispL4ASf9zJrSRDC,2
10,0WqIKmW4BTrj3eJFmnCKMv,0utlOiJy2weVl9WTkcEWHy,2
11,0WqIKmW4BTrj3eJFmnCKMv,4KhanrenBxgyXYkFCArMyd,2
12,0WqIKmW4BTrj3eJFmnCKMv,6JjEVlMkfHWMeYavkEYzNO,2
13,0WqIKmW4BTrj3eJFmnCKMv,0SGkqnVQo9KPytSri1H6cF,2
14,0WqIKmW4BTrj3eJFmnCKMv,6mapJIPnQ23RTAevUoE0DL,2
15,0WqIKmW4BTrj3eJFmnCKMv,3GzjG6Qah8cplpj5YAURLK,2
16,0WqIKmW4BTrj3eJFmnCKMv,3a1lNhkSLSkpJE4MSHpDu9,2
17,0WqIKmW4BTrj3eJFmnCKMv,7KOlJ92bu51cltsD9KU5I7,2
18,0WqIKmW4BTrj3eJFmnCKMv,2EEeOnHehOozLq4aS0n6SL,2
19,0WqIKmW4BTrj3eJFmnCKMv,6sghEq6gM4Ugadwa12H7Sa,2
20,0WqIKmW4BTrj3eJFmnCKMv,3N5oiETJEStSB71TjTFkWV,2
21,0WqIKmW4BTrj3eJFmnCKMv,55OdqrG8WLmsYyY1jijD9b,2
22,0WqIKmW4BTrj3eJFmnCKMv,2GiJYvgVaD2HtM8GqD9EgQ,2
23,0WqIKmW4BTrj3eJFmnCKMv,7EoSDrwBPUBeBEORrpvgko,2
24,0WqIKmW4BTrj3eJFmnCKMv,6HDhO6444uJcWXHpddSahc,2
25,0WqIKmW4BTrj3eJFmnCKMv,40120Gj8DGFiTb4h1ElwF9,2
26,0WqIKmW4BTrj3eJFmnCKMv,33yEAwTCm3uSlxyuqurHjm,2
27,0WqIKmW4BTrj3eJFmnCKMv,15BlympuVSfZFROojEMY2M,2
28,0WqIKmW4BTrj3eJFmnCKMv,4mPIZVR08UUbqz2xFoxjiH,2
29,0WqIKmW4BTrj3eJFmnCKMv,1Ser4X0TKttOvo8bgdytTP,2
30,0WqIKmW4BTrj3eJFmnCKMv,27GmP9AWRs744SzKcpJsTZ,2
31,0WqIKmW4BTrj3eJFmnCKMv,0hdiDzQu1FsfaYM1NIL8ma,2
32,0WqIKmW4BTrj3eJFmnCKMv,5zBqPjh3vfttJScml99szD,2
33,0WqIKmW4BTrj3eJFmnCKMv,3kS3AOajZlXtoToQ1Y4rPL,2
34,0WqIKmW4BTrj3eJFmnCKMv,1LxKKYsJNPeBdOwdudsJzv,2
35,0WqIKmW4BTrj3eJFmnCKMv,7jslhIiELQkgW9IHeYNOWE,2
36,0WqIKmW4BTrj3eJFmnCKMv,1f0zBTx9KRi5nWtdnZc3C0,2
37,0WqIKmW4BTrj3eJFmnCKMv,1EjzkhMFJgl08Qkn2uDV1d,2
38,0WqIKmW4BTrj3eJFmnCKMv,76iUSvF96Plu0764Jjc6xL,2
39,0WqIKmW4BTrj3eJFmnCKMv,4EfN6bixdOOgoLYR5C4cWo,2
40,0WqIKmW4BTrj3eJFmnCKMv,20s34XSPIiYMGSFDRSs24t,2
41,0WqIKmW4BTrj3eJFmnCKMv,4SVLlDIeY6w5axpMVhy0qH,2
42,0WqIKmW4BTrj3eJFmnCKMv,1yYzuNd0KRyHVJ3NH8apBt,2
43,0WqIKmW4BTrj3eJFmnCKMv,34oWbFBfGEElvgO0a5c9V4,2
44,0WqIKmW4BTrj3eJFmnCKMv,19gEmPjfqSZT0ulDRfjl0m,2
45,0WqIKmW4BTrj3eJFmnCKMv,7xVLFuuYdAvcTfcP3IG3dS,2
46,0WqIKmW4BTrj3eJFmnCKMv,4k7CmAZYtT53oXNxQReusm,2
47,0WqIKmW4BTrj3eJFmnCKMv,4oLuMvGQ4WJfU2s4OM6nfE,2
48,0WqIKmW4BTrj3eJFmnCKMv,4pLwZjInHj3SimIyN9SnOz,2
49,0WqIKmW4BTrj3eJFmnCKMv,6JoIs4XLvBgjZOkKnyuPPv,2
50,0WqIKmW4BTrj3eJFmnCKMv,0O986IRZ2rL3qGH5QiD4ZO,2
51,0WqIKmW4BTrj3eJFmnCKMv,0ktV2JoOsoTGURzKaZnjJL,2
52,0WqIKmW4BTrj3eJFmnCKMv,4gFXY5yvHayGckJndafYQE,2
53,0WqIKmW4BTrj3eJFmnCKMv,2UYhCz40fGREF576lPMtQ2,2
54,0WqIKmW4BTrj3eJFmnCKMv,7jRoWfRlLnGYEIEn4t4kbq,2
55,0WqIKmW4BTrj3eJFmnCKMv,6lgzJuBX3iqevLdtgNlyAU,2
56,0WqIKmW4BTrj3eJFmnCKMv,0wpbHnOW0zVUtV10LSj9c9,2
57,0WqIKmW4BTrj3eJFmnCKMv,557un1HgwYMuqfWGSTmnxw,2
58,0WqIKmW4BTrj3eJFmnCKMv,2i8hWheuwDUwyPrZynCLEF,2
59,0WqIKmW4BTrj3eJFmnCKMv,4pmc2AxSEq6g7hPVlJCPyP,2
60,0WqIKmW4BTrj3eJFmnCKMv,5pKBCp3tRnM0VmNW4QL08v,2
61,0WqIKmW4BTrj3eJFmnCKMv,6S7O7WZYUi9I6FeG9C8Crm,2
62,0WqIKmW4BTrj3eJFmnCKMv,5uqphUYsR45kPYplrYSAQh,2
63,0WqIKmW4BTrj3eJFmnCKMv,6bj69qAg4JOErXXbWwyKUt,2
64,0WqIKmW4BTrj3eJFmnCKMv,2WNVqZq1ujhMDlOAqBFkVv,2
65,0WqIKmW4BTrj3eJFmnCKMv,0WqIKmW4BTrj3eJFmnCKMv,2
66,0WqIKmW4BTrj3eJFmnCKMv,7seTcUFOhn5caSDbiSfsp0,2
67,0WqIKmW4BTrj3eJFmnCKMv,7JYsArznYOjX2jsrT3UEnL,2
68,0WqIKmW4BTrj3eJFmnCKMv,4P6BuLsqtg5uISdE77ypI9,2
69,0WqIKmW4BTrj3eJFmnCKMv,3ZAMtgYJFoHwJjFkhkXqKr,2
70,0WqIKmW4BTrj3eJFmnCKMv,4HnPZXkx15Y5hfBWh9vtQL,2
71,0WqIKmW4BTrj3eJFmnCKMv,6mwX4ZKXz4PGAf2tpfWdn0,2
72,0WqIKmW4BTrj3eJFmnCKMv,3bkcmsP2pcRAczoFtWqntt,2
73,0WqIKmW4BTrj3eJFmnCKMv,53NqwMK7Q40vc1l1Ntkuz4,2
74,0WqIKmW4BTrj3eJFmnCKMv,4GVD0FIBo08FSAy3tbIY7g,2
75,0WqIKmW4BTrj3eJFmnCKMv,6VWUOFXGwH1OgyPrfRONrn,2
76,0WqIKmW4BTrj3eJFmnCKMv,4okfDeI0mToBc0q9Zy9p3S,2
77,0WqIKmW4BTrj3eJFmnCKMv,053xKa7PdxQsJNWmBjV0sv,2
78,0WqIKmW4BTrj3eJFmnCKMv,0aWia6YqI2s9r41bXwnqhX,2
79,0WqIKmW4BTrj3eJFmnCKMv,0gHRyN4lTRZy8IT9YEU6ke,2
80,0WqIKmW4BTrj3eJFmnCKMv,5yJzkdwbrQCwua2dIC3K6A,2
81,0WqIKmW4BTrj3eJFmnCKMv,2NRUU0gP1d8Yif8CpsCW8l,2
82,0WqIKmW4BTrj3eJFmnCKMv,6AaOtHsKd195ec0Y4kC9ER,2
83,0WqIKmW4BTrj3eJFmnCKMv,1xznGGDReH1oQq0xzbwXa3,2
84,0WqIKmW4BTrj3eJFmnCKMv,5u7o3wXWJI7AN1b9KIf3m8,2
85,0WqIKmW4BTrj3eJFmnCKMv,5AyL2kgLtTWEu3qO3B9SqK,2
86,0WqIKmW4BTrj3eJFmnCKMv,5mMRgTxoeBjEAZdBjPGvaC,2
87,0WqIKmW4BTrj3eJFmnCKMv,5rqfg8Hz5D1aCcn2XUxzNA,2
88,0WqIKmW4BTrj3eJFmnCKMv,3ESSGgWzRf1xvP7G5hHMhB,2
89,0WqIKmW4BTrj3eJFmnCKMv,5hgnY0mVcVetszbb85qeDg,2
90,0WqIKmW4BTrj3eJFmnCKMv,6DkXLzBQT7cwXmTyzAB1DJ,2
91,0WqIKmW4BTrj3eJFmnCKMv,0quqp7sNqZnyrePWcTPfpi,2
92,0WqIKmW4BTrj3eJFmnCKMv,7Hk12JkCFwLO4s1jRGBS6s,2
93,0WqIKmW4BTrj3eJFmnCKMv,6n2GPvMJtFZ4ckoc9EWHMx,2
94,0WqIKmW4BTrj3eJFmnCKMv,0Fv5N0cHBsl4bzCbollCAS,2
95,0WqIKmW4BTrj3eJFmnCKMv,0x335qdLBS6o30hYdc8h2I,2
96,0WqIKmW4BTrj3eJFmnCKMv,2Adn2LNgkHMH5TelQVAu4n,2
97,0WqIKmW4BTrj3eJFmnCKMv,1KhljCoJ2TgDEldnnfTHHc,2
98,0WqIKmW4BTrj3eJFmnCKMv,5is2KiI0FDPLPLRq9hFybw,2
99,0WqIKmW4BTrj3eJFmnCKMv,4wM4c5ly3GR4YYgWSePlSG,2
100,0WqIKmW4BTrj3eJFmnCKMv,4356Typ82hUiFAynbLYbPn,2
101,0WqIKmW4BTrj3eJFmnCKMv,6rYqZNY6Dkrs8UZMxT50Xw,2
102,0WqIKmW4BTrj3eJFmnCKMv,7n2Dqgp4iXd8Zorfj9XSYo,2
103,0WqIKmW4BTrj3eJFmnCKMv,3jlbL2OTD5YmIunYzgQTAN,2
104,0WqIKmW4BTrj3eJFmnCKMv,76VtA90NKurNqaQpV126Ue,2
105,0WqIKmW4BTrj3eJFmnCKMv,6MmT9hje2krkn1twcmtBYu,2
106,0WqIKmW4BTrj3eJFmnCKMv,7ySUcLPVX7KudhnmNcgY2D,2
107,0WqIKmW4BTrj3eJFmnCKMv,5hlWtrnVUyAze5WkxF9P56,2
108,0WqIKmW4BTrj3eJFmnCKMv,5yuShbu70mtHXY0yLzCQLQ,2
109,0WqIKmW4BTrj3eJFmnCKMv,6kex4EBAj0WHXDKZMEJaaF,2
110,0WqIKmW4BTrj3eJFmnCKMv,4MV4wa3Dke1GMBtk06GMR0,2
111,0WqIKmW4BTrj3eJFmnCKMv,6Dwtha2FtZFoMEBh5GR2sq,2
112,0WqIKmW4BTrj3eJFmnCKMv,3DDBW9yeXc0RQUAOBeKYti,2
113,0WqIKmW4BTrj3eJFmnCKMv,3BxWKCI06eQ5Od8TY2JBeA,2
114,0WqIKmW4BTrj3eJFmnCKMv,3dFwpxh2yH7C7p9BGEKLVB,2
115,0WqIKmW4BTrj3eJFmnCKMv,3pXF1nA74528Edde4of9CC,2
116,0WqIKmW4BTrj3eJFmnCKMv,43PuMrRfbyyuz4QpZ3oAwN,2
117,0WqIKmW4BTrj3eJFmnCKMv,16bHRxM89ue0TiCKARYbRp,2
118,0WqIKmW4BTrj3eJFmnCKMv,3nAq2hCr1oWsIU54tS98pL,2
0,1AWQoqb9bSvzTjaLralEkT,1BIENruTnjKdB7HD2YIlRr,3
1,1AWQoqb9bSvzTjaLralEkT,30lAGXMytmKjGVZk9BBC3m,3
2,1AWQoqb9bSvzTjaLralEkT,54ohgeZ4ESJDlffKb9Ktrt,3
3,1AWQoqb9bSvzTjaLralEkT,6MmxDAqXSxFS9dLQs1l7DT,3
4,1AWQoqb9bSvzTjaLralEkT,1CI6YgwwNq3VfhgxPuEpE6,3
5,1AWQoqb9bSvzTjaLralEkT,2H1l4JczUDbiWfQtQElB05,3
6,1AWQoqb9bSvzTjaLralEkT,5pKBCp3tRnM0VmNW4QL08v,3
7,1AWQoqb9bSvzTjaLralEkT,61sQYdFNS6sEBYCyr1q5gn,3
8,1AWQoqb9bSvzTjaLralEkT,0PDUDa38GO8lMxLCRc4lL1,3
9,1AWQoqb9bSvzTjaLralEkT,7t2bFihaDvhIrd2gn2CWJO,3
10,1AWQoqb9bSvzTjaLralEkT,5SqSckut3FcoQKmGkMWgp1,3
11,1AWQoqb9bSvzTjaLralEkT,14WWzenpaEgQZlqPq2nk4v,3
12,1AWQoqb9bSvzTjaLralEkT,4f3ocvNFdJMmGP04kskM2J,3
13,1AWQoqb9bSvzTjaLralEkT,4LjkHlY5qDz0hhFJJH5M7a,3
14,1AWQoqb9bSvzTjaLralEkT,7EZPH9Px3gXlxD5KJDwtwc,3
15,1AWQoqb9bSvzTjaLralEkT,6rStvYTbbuye0Pjg1H6poR,3
16,1AWQoqb9bSvzTjaLralEkT,1AWQoqb9bSvzTjaLralEkT,3
17,1AWQoqb9bSvzTjaLralEkT,74tQlvf38pBkIPeYEIIPCn,3
18,1AWQoqb9bSvzTjaLralEkT,7aypCcPYXxoa9wBMe0vjTP,3
19,1AWQoqb9bSvzTjaLralEkT,10aWGOqSDBqvNzJ9NeKDbK,3
20,1AWQoqb9bSvzTjaLralEkT,458UIXZwdW3YpPJsxHIitc,3
21,1AWQoqb9bSvzTjaLralEkT,5maiP9UMnTSgoxPX8X3bdz,3
22,1AWQoqb9bSvzTjaLralEkT,0wpbHnOW0zVUtV10LSj9c9,3
23,1AWQoqb9bSvzTjaLralEkT,3pfXxHoydFRfD7IBGJTQAN,3
24,1AWQoqb9bSvzTjaLralEkT,4NYwy0R3NdvORX2B6OZXBT,3
25,1AWQoqb9bSvzTjaLralEkT,2aCis7fAGyeJufVbFbiKG9,3
26,1AWQoqb9bSvzTjaLralEkT,5rX60GiR64Epgri9Ubjzg9,3
27,1AWQoqb9bSvzTjaLralEkT,3wu9ADop1FXdhToPCxwBL8,3
28,1AWQoqb9bSvzTjaLralEkT,5zQRnyWTVOvg6YgaJQWFa0,3
29,1AWQoqb9bSvzTjaLralEkT,6yR4stohNeRnzSatHaUUVv,3
30,1AWQoqb9bSvzTjaLralEkT,4NpDZPwSXmL0cCTaJuVrCw,3
31,1AWQoqb9bSvzTjaLralEkT,6TlRNJaezOdzdECnQeRuMM,3
32,1AWQoqb9bSvzTjaLralEkT,5L0KDoZklMgs9GPoonneEl,3
33,1AWQoqb9bSvzTjaLralEkT,7FOJvA3PxiIU0DN3JjQ7jT,3
34,1AWQoqb9bSvzTjaLralEkT,4V2F0DZrAXOWq9hkwMMG3x,3
35,1AWQoqb9bSvzTjaLralEkT,5xV0Czdqefft6sPDqjmFBu,3
36,1AWQoqb9bSvzTjaLralEkT,4gFXY5yvHayGckJndafYQE,3
37,1AWQoqb9bSvzTjaLralEkT,25khomWgBVamSdKw7hzm3l,3
38,1AWQoqb9bSvzTjaLralEkT,0na8x6EOqjHsGABdB90TIC,3
39,1AWQoqb9bSvzTjaLralEkT,3B7i9OKRRmIsSBHEbJz58Y,3
40,1AWQoqb9bSvzTjaLralEkT,3VZmChrnVW8JK6ano4gSED,3
41,1AWQoqb9bSvzTjaLralEkT,3eqT34f3rxmm4dR7madDIM,3
42,1AWQoqb9bSvzTjaLralEkT,29LHe8kG3PraghUZOZYsw4,3
43,1AWQoqb9bSvzTjaLralEkT,76VtA90NKurNqaQpV126Ue,3
44,1AWQoqb9bSvzTjaLralEkT,4EfN6bixdOOgoLYR5C4cWo,3
45,1AWQoqb9bSvzTjaLralEkT,7ySUcLPVX7KudhnmNcgY2D,3
46,1AWQoqb9bSvzTjaLralEkT,4tVEJTR4VgBvvb2R6phA2v,3
47,1AWQoqb9bSvzTjaLralEkT,3UNM3ckb1Qxh4ZDNem6gko,3
48,1AWQoqb9bSvzTjaLralEkT,6VwBbL8CzPiC4QV66ay7oR,3
49,1AWQoqb9bSvzTjaLralEkT,4m5lJ0ZOUqyx2DUCRycGFm,3
50,1AWQoqb9bSvzTjaLralEkT,6JfkGKpETzAyG7XiPbWn27,3
51,1AWQoqb9bSvzTjaLralEkT,494OU6M7NOf4ICYb4zWCf5,3
52,1AWQoqb9bSvzTjaLralEkT,16pwlVsypm4aDKMhXdOuXg,3
53,1AWQoqb9bSvzTjaLralEkT,1Slwb6dOYkBlWal1PGtnNg,3
54,1AWQoqb9bSvzTjaLralEkT,5FXOEdfNW7nYQrBWtW49Cl,3
55,1AWQoqb9bSvzTjaLralEkT,6jvvpPJQJy5rMOEkLlADl6,3
0,1lzr43nnXAijIGYnCT8M8H,7H6ev70Weq6DdpZyyTmUXk,4
1,1lzr43nnXAijIGYnCT8M8H,5lXcSvHRVjQJ3LB2rLKQog,4
2,1lzr43nnXAijIGYnCT8M8H,6cb0HzFQPN4BGADOmSzPCw,4
3,1lzr43nnXAijIGYnCT8M8H,2Uu8IiLkLY0UXhCHka4Dlr,4
4,1lzr43nnXAijIGYnCT8M8H,0WqIKmW4BTrj3eJFmnCKMv,4
5,1lzr43nnXAijIGYnCT8M8H,0XUfyU2QviPAs6bxSpXYG4,4
6,1lzr43nnXAijIGYnCT8M8H,7uKcScNXuO3MWw6LowBjW1,4
7,1lzr43nnXAijIGYnCT8M8H,0KQx6HOpJueiSkztcS0r7D,4
8,1lzr43nnXAijIGYnCT8M8H,2cMTIlktg3M9mXYqCPqw1J,4
9,1lzr43nnXAijIGYnCT8M8H,62LHRv9uwSNlBmByQF5jdE,4
10,1lzr43nnXAijIGYnCT8M8H,7xYnUQigPoIDAMPVK79NEq,4
11,1lzr43nnXAijIGYnCT8M8H,4osg3vT6sXv6wNxm9Z6ucQ,4
12,1lzr43nnXAijIGYnCT8M8H,4r8lRYnoOGdEi6YyI5OC1o,4
13,1lzr43nnXAijIGYnCT8M8H,04KTF78FFg8sOHC1BADqbY,4
14,1lzr43nnXAijIGYnCT8M8H,1lih9AUGlOI2qbAkptdBsr,4
15,1lzr43nnXAijIGYnCT8M8H,4hJNA7VCBfNDly2Lz1SKAt,4
16,1lzr43nnXAijIGYnCT8M8H,0OPyDgTRuIdCJ9B4bYSths,4
17,1lzr43nnXAijIGYnCT8M8H,6I9VzXrHxO9rA9A5euc8Ak,4
18,1lzr43nnXAijIGYnCT8M8H,1ulXmqjktxSdrdT1bzc69H,4
19,1lzr43nnXAijIGYnCT8M8H,3ZFTkvIE7kyPt6Nu3PEa7V,4
20,1lzr43nnXAijIGYnCT8M8H,3dFwpxh2yH7C7p9BGEKLVB,4
21,1lzr43nnXAijIGYnCT8M8H,2NBQmPrOEEjA8VbeWOQGxO,4
22,1lzr43nnXAijIGYnCT8M8H,7iL6o9tox1zgHpKUfh9vuC,4
23,1lzr43nnXAijIGYnCT8M8H,7qtAgn9mwxygsPOsUDVRRt,4
24,1lzr43nnXAijIGYnCT8M8H,5XJJdNPkwmbUwE79gv0NxK,4
25,1lzr43nnXAijIGYnCT8M8H,5KY7zgFeH2GWoL1zP9mME6,4
26,1lzr43nnXAijIGYnCT8M8H,7hhAwcMTdCHxuYkCHCfzw7,4
27,1lzr43nnXAijIGYnCT8M8H,1HwpWwa6bnqqRhK8agG4RS,4
28,1lzr43nnXAijIGYnCT8M8H,2gam98EZKrF9XuOkU13ApN,4
29,1lzr43nnXAijIGYnCT8M8H,3vsNteZn6E5qBSSBO78W7b,4
30,1lzr43nnXAijIGYnCT8M8H,2QQuKHdhPoAJchgY0HPw96,4
31,1lzr43nnXAijIGYnCT8M8H,41on8RwRh22IHcChAN2gm8,4
32,1lzr43nnXAijIGYnCT8M8H,1mea3bSkSGXuIRvnydlB5b,4
33,1lzr43nnXAijIGYnCT8M8H,3jlbL2OTD5YmIunYzgQTAN,4
34,1lzr43nnXAijIGYnCT8M8H,7yMnml7zdYl5LlDFZPm5Hd,4
35,1lzr43nnXAijIGYnCT8M8H,6o3s08kk2fQI37vxGZDrJ1,4
36,1lzr43nnXAijIGYnCT8M8H,1hGy2eLcmC8eKx7qr1tOqx,4
37,1lzr43nnXAijIGYnCT8M8H,3fyMH1t6UPeR5croea9PrR,4
38,1lzr43nnXAijIGYnCT8M8H,0OJXdyyVL8K6aovPgfqCcN,4
39,1lzr43nnXAijIGYnCT8M8H,6ihObRBTB8xdSH2mlERtOX,4
40,1lzr43nnXAijIGYnCT8M8H,39qcvV4f0uqDMHxIkSb7tE,4
41,1lzr43nnXAijIGYnCT8M8H,08uGhvS5MfBk7crUCpnjva,4
42,1lzr43nnXAijIGYnCT8M8H,7nR3jmYBf3e9TEf6zpJiZb,4
43,1lzr43nnXAijIGYnCT8M8H,5Q0Nhxo0l2bP3pNjpGJwV1,4
44,1lzr43nnXAijIGYnCT8M8H,07HPV6hzecJmMJwsIX8YVU,4
45,1lzr43nnXAijIGYnCT8M8H,49kjlZP49LMD1MrrcvXDET,4
46,1lzr43nnXAijIGYnCT8M8H,2IpGdrWvIZipmaxo1YRxw5,4
47,1lzr43nnXAijIGYnCT8M8H,1TfAhjzRBWzYZ8IdUV3igl,4
48,1lzr43nnXAijIGYnCT8M8H,47x1F4HyX7LafFgxtoa19P,4
49,1lzr43nnXAijIGYnCT8M8H,4xMBL6zax57S2EHzI2Vloy,4
50,1lzr43nnXAijIGYnCT8M8H,6rbhWExtuchhpLC5fHnB8n,4
51,1lzr43nnXAijIGYnCT8M8H,5qII2n90lVdPDcgXEEVHNy,4
52,1lzr43nnXAijIGYnCT8M8H,0BCPKOYdS2jbQ8iyB56Zns,4
53,1lzr43nnXAijIGYnCT8M8H,0vupCkmy497h49a74Xsxj1,4
54,1lzr43nnXAijIGYnCT8M8H,1Bx0zEdVjkFlV27iKaePug,4
55,1lzr43nnXAijIGYnCT8M8H,7k6IzwMGpxnRghE7YosnXT,4
56,1lzr43nnXAijIGYnCT8M8H,0k6HUzaRHpQ3eEWr1C7Esh,4
57,1lzr43nnXAijIGYnCT8M8H,1KGi9sZVMeszgZOWivFpxs,4
58,1lzr43nnXAijIGYnCT8M8H,3NxAxBnK66q0ZpIWeH9xlp,4
59,1lzr43nnXAijIGYnCT8M8H,6jX5mso4x00c1EiNMrTU9U,4
60,1lzr43nnXAijIGYnCT8M8H,1zusIxNqJu8i4g6P6hJ2Qa,4
61,1lzr43nnXAijIGYnCT8M8H,5RsUlxLto4NZbhJpqJbHfN,4
62,1lzr43nnXAijIGYnCT8M8H,3VzJE6yGuj8fDExUh6TLnc,4
63,1lzr43nnXAijIGYnCT8M8H,6cmm1LMvZdB5zsCwX5BjqE,4
64,1lzr43nnXAijIGYnCT8M8H,1ohz20hlIQjmXKhm9CQAmI,4
65,1lzr43nnXAijIGYnCT8M8H,0x1LCpY9Rgeq97VPajm81B,4
66,1lzr43nnXAijIGYnCT8M8H,3cfOd4CMv2snFaKAnMdnvK,4
67,1lzr43nnXAijIGYnCT8M8H,3yrSvpt2l1xhsV9Em88Pul,4
68,1lzr43nnXAijIGYnCT8M8H,4o6BgsqLIBViaGVbx5rbRk,4
69,1lzr43nnXAijIGYnCT8M8H,3jkdQNkDTxxXtjSO4l0o1H,4
70,1lzr43nnXAijIGYnCT8M8H,5hlWtrnVUyAze5WkxF9P56,4
71,1lzr43nnXAijIGYnCT8M8H,6MnFB3qurhmGs1xdjrz5Bg,4
72,1lzr43nnXAijIGYnCT8M8H,6lgzJuBX3iqevLdtgNlyAU,4
73,1lzr43nnXAijIGYnCT8M8H,4E5P1XyAFtrjpiIxkydly4,4
74,1lzr43nnXAijIGYnCT8M8H,124NFj84ppZ5pAxTuVQYCQ,4
75,1lzr43nnXAijIGYnCT8M8H,5Yv230ond6W1oauzWOtmXa,4
76,1lzr43nnXAijIGYnCT8M8H,0srwKuJPH8yBzzFUJMBQM2,4
77,1lzr43nnXAijIGYnCT8M8H,6jBCehpNMkwFVF3dz4nLIW,4
78,1lzr43nnXAijIGYnCT8M8H,2eJ8ij1T3cNUKiGdcUvKhy,4
79,1lzr43nnXAijIGYnCT8M8H,6zsk6uF3MxfIeHPlubKBvR,4
80,1lzr43nnXAijIGYnCT8M8H,2mKouqwAIdQnMP43zxR89r,4
81,1lzr43nnXAijIGYnCT8M8H,4IeUAegXVbETb7FpgNDnSM,4
82,1lzr43nnXAijIGYnCT8M8H,7pYPpFhFyOwCjf4y7vdJqM,4
83,1lzr43nnXAijIGYnCT8M8H,3mcG2NI5G5vhrQtRda1YnA,4
84,1lzr43nnXAijIGYnCT8M8H,2D1hlMwWWXpkc3CZJ5U351,4
85,1lzr43nnXAijIGYnCT8M8H,0l3GEbH3CviUytD6iX4wzg,4
86,1lzr43nnXAijIGYnCT8M8H,5xV0Czdqefft6sPDqjmFBu,4
87,1lzr43nnXAijIGYnCT8M8H,1lzr43nnXAijIGYnCT8M8H,4
88,1lzr43nnXAijIGYnCT8M8H,06iMqWThw4w8fTFyccvOwr,4
89,1lzr43nnXAijIGYnCT8M8H,4fINc8dnfcz7AdhFYVA4i7,4
90,1lzr43nnXAijIGYnCT8M8H,7DfFc7a6Rwfi3YQMRbDMau,4
91,1lzr43nnXAijIGYnCT8M8H,4gFXY5yvHayGckJndafYQE,4
92,1lzr43nnXAijIGYnCT8M8H,0wpbHnOW0zVUtV10LSj9c9,4
93,1lzr43nnXAijIGYnCT8M8H,2fQ6sBFWaLv2Gxos4igHLy,4
94,1lzr43nnXAijIGYnCT8M8H,1rEHQCkmLYY0CDrIborSoF,4
95,1lzr43nnXAijIGYnCT8M8H,6rbeWjEavBHvX2kr6lSogS,4
96,1lzr43nnXAijIGYnCT8M8H,69ghzc538EQSVon2Gm3wrr,4
97,1lzr43nnXAijIGYnCT8M8H,75vEuMA15pb8JmgrGugHEs,4
98,1lzr43nnXAijIGYnCT8M8H,1xgN9KBVVoTNygpYjpXnvH,4
99,1lzr43nnXAijIGYnCT8M8H,4EfN6bixdOOgoLYR5C4cWo,4
100,1lzr43nnXAijIGYnCT8M8H,69bHJ9qs5FrUJbKP8xU8uZ,4
101,1lzr43nnXAijIGYnCT8M8H,1CdkNxTlkUWR4ZnXcKES3b,4
102,1lzr43nnXAijIGYnCT8M8H,5F7IJrXD6Fa3EmqoYE0gU4,4
103,1lzr43nnXAijIGYnCT8M8H,1cK4JEQqeIc6nQONq7hyYZ,4
104,1lzr43nnXAijIGYnCT8M8H,7gKIt3rDGIMJDFVSPBnGmj,4
105,1lzr43nnXAijIGYnCT8M8H,358bOvBiZCS9fRzNYosw6c,4
106,1lzr43nnXAijIGYnCT8M8H,7BqBn9nzAq8spo5e7cZ0dJ,4
107,1lzr43nnXAijIGYnCT8M8H,7ySUcLPVX7KudhnmNcgY2D,4
108,1lzr43nnXAijIGYnCT8M8H,5FSaP2dyursFVBRFtrMwIr,4
109,1lzr43nnXAijIGYnCT8M8H,0mwbc2AqVHIziVGg3syEI9,4
110,1lzr43nnXAijIGYnCT8M8H,6DkXLzBQT7cwXmTyzAB1DJ,4
111,1lzr43nnXAijIGYnCT8M8H,6GQuF9vzJAVs7fYN9ftBdP,4
112,1lzr43nnXAijIGYnCT8M8H,07dYGGSrzPeg6a3KZjWX65,4
113,1lzr43nnXAijIGYnCT8M8H,4I2GqMe7L2ccMpUbnDzYLH,4
114,1lzr43nnXAijIGYnCT8M8H,1Z5L1sgdPUPfcuxsfaYzcB,4
115,1lzr43nnXAijIGYnCT8M8H,3iL2l5gUqyPS6vDwJFgJTR,4
116,1lzr43nnXAijIGYnCT8M8H,6TfBA04WJ3X1d1wXhaCFVT,4
117,1lzr43nnXAijIGYnCT8M8H,78c3IFOZdqCvelTH65zA0g,4
118,1lzr43nnXAijIGYnCT8M8H,3b0EOvScbZUc0qJx0E1L2z,4
119,1lzr43nnXAijIGYnCT8M8H,5lA3pwMkBdd24StM90QrNR,4
120,1lzr43nnXAijIGYnCT8M8H,3wu9ADop1FXdhToPCxwBL8,4
121,1lzr43nnXAijIGYnCT8M8H,2YUv5bLhf4ena4JWVY0Lql,4
122,1lzr43nnXAijIGYnCT8M8H,2fmMPJb5EzZCx8BcNJvVk4,4
123,1lzr43nnXAijIGYnCT8M8H,1QOxGqu6VTjx58nslWBFVW,4
124,1lzr43nnXAijIGYnCT8M8H,1ahAuX3F6tDdNRfMdiLsv6,4
125,1lzr43nnXAijIGYnCT8M8H,4P6BuLsqtg5uISdE77ypI9,4
126,1lzr43nnXAijIGYnCT8M8H,3bMNprrp2JDKZsGbiXpsJl,4
127,1lzr43nnXAijIGYnCT8M8H,1IAzD1muglOxOcPbUHs70R,4
128,1lzr43nnXAijIGYnCT8M8H,1PhmFufQowjegRYc4jAqOq,4
129,1lzr43nnXAijIGYnCT8M8H,557un1HgwYMuqfWGSTmnxw,4
130,1lzr43nnXAijIGYnCT8M8H,5i66xrvSh1MjjyDd6zcwgj,4
131,1lzr43nnXAijIGYnCT8M8H,25ZttbpeUKDOm3aghD2oBJ,4
132,1lzr43nnXAijIGYnCT8M8H,7wZUrN8oemZfsEd1CGkbXE,4
133,1lzr43nnXAijIGYnCT8M8H,7LqjznQwfrax7MjQXmxqdQ,4
134,1lzr43nnXAijIGYnCT8M8H,5sUlaoVcLPk2Wr695jp6dd,4
135,1lzr43nnXAijIGYnCT8M8H,3TcL0dyCMyr0kyTTc4NLgI,4
136,1lzr43nnXAijIGYnCT8M8H,0oTM6RLL3HEC1RDCe0bYsm,4
137,1lzr43nnXAijIGYnCT8M8H,0SAIjVOwxVnO1l9HGvLuOU,4
138,1lzr43nnXAijIGYnCT8M8H,6o2g1BJvtYQssH84kBYs7y,4
139,1lzr43nnXAijIGYnCT8M8H,6Wt5QBzHp9vdSLAFlvdnDQ,4
140,1lzr43nnXAijIGYnCT8M8H,0jSMveIWvnhDIvzqN74Uc7,4
141,1lzr43nnXAijIGYnCT8M8H,4YAtIop3U0HsJ7jE94BCmX,4
142,1lzr43nnXAijIGYnCT8M8H,5xpmdbQcfIOsE1hACcC3UK,4
143,1lzr43nnXAijIGYnCT8M8H,2QsZVnbWVSjKMXK6K3uRBL,4
144,1lzr43nnXAijIGYnCT8M8H,53gcDgFyqqpvCzXWrnFZpH,4
145,1lzr43nnXAijIGYnCT8M8H,3Yt9lRtS5V4nbJnwcgFgvC,4
146,1lzr43nnXAijIGYnCT8M8H,2ENexcMEMsYk0rVJigVD3i,4
147,1lzr43nnXAijIGYnCT8M8H,4FHu9bOzBjZurx89CMa42L,4
148,1lzr43nnXAijIGYnCT8M8H,6MmT9hje2krkn1twcmtBYu,4
149,1lzr43nnXAijIGYnCT8M8H,22L7bfCiAkJo5xGSQgmiIO,4
150,1lzr43nnXAijIGYnCT8M8H,6glsMWIMIxQ4BedzLqGVi4,4
151,1lzr43nnXAijIGYnCT8M8H,53ETzLQQKFCzykRbqWb1ph,4
152,1lzr43nnXAijIGYnCT8M8H,0gs72Zn1Nxin1kvKpo9ee5,4
153,1lzr43nnXAijIGYnCT8M8H,4S5b3wwIXpVNvY2jeIQdKu,4
154,1lzr43nnXAijIGYnCT8M8H,77dgyxbuL53WfkLZU3fk3o,4
155,1lzr43nnXAijIGYnCT8M8H,39afswHs17v53znQm1gDTY,4
156,1lzr43nnXAijIGYnCT8M8H,3IcIIZMMS7UArJJPtEHXG8,4
157,1lzr43nnXAijIGYnCT8M8H,2KpCpk6HjXXLb7nnXoXA5O,4
158,1lzr43nnXAijIGYnCT8M8H,0BBOLOV5JntPL3341swIre,4
159,1lzr43nnXAijIGYnCT8M8H,4SRqDmPxYX0pUb5B5ut2Ri,4
160,1lzr43nnXAijIGYnCT8M8H,10aWGOqSDBqvNzJ9NeKDbK,4
161,1lzr43nnXAijIGYnCT8M8H,6rYqZNY6Dkrs8UZMxT50Xw,4
162,1lzr43nnXAijIGYnCT8M8H,4Kz4RdRCceaA9VgTqBhBfa,4
163,1lzr43nnXAijIGYnCT8M8H,3U8Ev1gISsx6O1uwpsttOD,4
164,1lzr43nnXAijIGYnCT8M8H,2q4rjDy9WhaN3o9MvDbO21,4
165,1lzr43nnXAijIGYnCT8M8H,4NpDZPwSXmL0cCTaJuVrCw,4
166,1lzr43nnXAijIGYnCT8M8H,047fCsbO4NdmwCBn8pcUXl,4
167,1lzr43nnXAijIGYnCT8M8H,5A63MgoNPniM7necFglMhe,4
168,1lzr43nnXAijIGYnCT8M8H,7eaEXFYxeRs0TMXFyayhdo,4
169,1lzr43nnXAijIGYnCT8M8H,6VWUOFXGwH1OgyPrfRONrn,4
170,1lzr43nnXAijIGYnCT8M8H,1ARJhjuI6TNYZCxYygFQ4F,4
171,1lzr43nnXAijIGYnCT8M8H,0b0YJjeoC46wvQ9GEbtfzU,4
172,1lzr43nnXAijIGYnCT8M8H,34ceTg8ChN5HjrqiIYCn9Q,4
173,1lzr43nnXAijIGYnCT8M8H,07lxDm1s8FVO4GF54Nooiz,4
174,1lzr43nnXAijIGYnCT8M8H,42tcDJD6gFl469vffWovWf,4
175,1lzr43nnXAijIGYnCT8M8H,3l3xTXsUXeWlkPqzMs7mPD,4
176,1lzr43nnXAijIGYnCT8M8H,6m59VvDUi0UQsB2eZ9wVbH,4
177,1lzr43nnXAijIGYnCT8M8H,6zMUIb4uce1CzpbjR3vMdN,4
178,1lzr43nnXAijIGYnCT8M8H,6dViIgkYIRccNImPln58rS,4
179,1lzr43nnXAijIGYnCT8M8H,3U3Ff8ZvL6oEu1r98gCCWW,4
180,1lzr43nnXAijIGYnCT8M8H,3H1LCvO3fVsK2HPguhbml0,4
181,1lzr43nnXAijIGYnCT8M8H,5JZpQuRIX8MTiKwuELjTlx,4
182,1lzr43nnXAijIGYnCT8M8H,39LEBNE9C20OeUwrUB2Ubw,4
183,1lzr43nnXAijIGYnCT8M8H,4nthV2eZAXnt4yiJMocLkG,4
184,1lzr43nnXAijIGYnCT8M8H,7kMfu3KUydmrFVGEAhjtyl,4
185,1lzr43nnXAijIGYnCT8M8H,2n4uOdMHzEvcZ0KP7iQnay,4
186,1lzr43nnXAijIGYnCT8M8H,4z5fkIflIBvSG9elVNmiOJ,4
187,1lzr43nnXAijIGYnCT8M8H,4sqGlfDc7QCPvAvUBk4OKn,4
188,1lzr43nnXAijIGYnCT8M8H,0Wi0Pk5bSwM7WEFmDAGzL5,4
189,1lzr43nnXAijIGYnCT8M8H,0DdpxWfVvUGgkJv5536tiF,4
190,1lzr43nnXAijIGYnCT8M8H,2lMg3lCMOGistaWBNGjuT3,4
191,1lzr43nnXAijIGYnCT8M8H,7eJ5kRpMNPAk7ccCDKywjH,4
